{
  "linear_regression": {
    "cv_rmse": 2.8815563874276764,
    "cv_mae": 2.199589005739616,
    "cv_r2": 0.82461627982105,
    "holdout_rmse": 2.927963865102001,
    "holdout_mae": 2.2184249959346496,
    "holdout_r2": 0.8247927799485368
  },
  "random_forest": {
    "cv_rmse": 1.6358683370447857,
    "cv_mae": 1.2880803199282245,
    "cv_r2": 0.9434047800368601,
    "holdout_rmse": 1.6692568062695134,
    "holdout_mae": 1.322898248512446,
    "holdout_r2": 0.9430535199286117
  },
  "gradient_boosting": {
    "cv_rmse": 1.5874660089952128,
    "cv_mae": 1.2592644023477144,
    "cv_r2": 0.946693922547283,
    "holdout_rmse": 1.6776334341542802,
    "holdout_mae": 1.3264598293790235,
    "holdout_r2": 0.9424805507420417
  },
  "xgboost": {
    "cv_rmse": 1.647627052556576,
    "cv_mae": 1.2998819443882603,
    "cv_r2": 0.9425889901263022,
    "holdout_rmse": 1.6679334287510719,
    "holdout_mae": 1.3257995229327972,
    "holdout_r2": 0.9431437778422327
  }
}